peak_name,display_name,position,gamma,sigma,norm,d_ratio,d_shift,FWHM,area
A,A,99.99460225663073,1.7916662562672523,3.149051309149511,19.74482732195263,,,9.516313277203722,19.11191022255814
B,B,150.0042540296571,2.0661801345485373,2.958329762100968,50.09590948614038,0.6598172811981647,9.967290386256266,9.436092832401835,82.03126000141401
C,C,200.02368380991498,2.027261845807523,2.9762893228553846,49.93290542414395,0.6634646373490158,19.94028884902852,9.425754588423038,82.04961605140285
D,D,249.973875346142,1.9232822116860588,3.077608869977719,29.918270007507683,,,9.521422049684748,29.442395655725473
