peak_name,display_name,position,gamma,sigma,norm,d_ratio,d_shift,FWHM,area
A,A,99.99460225647647,1.7916660595956477,3.149051443423329,19.744827047018983,,,9.516313335241467,19.111910024136563
B,B,150.00425403004274,2.066180152162756,2.958329748043952,50.0959095399276,0.6598172811099338,9.967290382898636,9.436092823689952,82.03126007560124
C,C,200.02368381019107,2.0272618366859536,2.9762893293601467,49.93290539204584,0.6634646371562082,19.940288846790303,9.425754591253757,82.0496159937066
D,D,249.97387534586585,1.9232822788064774,3.0776088250081104,29.918270153498604,,,9.521422033627113,29.442395782844542
