peak_name,display_name,position,gamma,sigma,norm,FWHM,area
A1,A1,79.29450283972808,9.000000000000002e-06,5.6496473560874065,2.9338298568509122,13.303912464273369,2.933829033524443
A2,A2,89.84940933776811,0.89425446623706,3.0231513231795453,5.573674497747437,8.123611369296725,5.480475972422644
A3,A3,95.3185842527813,2.18560076055318,10.000000999843312,15.404284733744795,25.97276019796879,14.520566216172494
